Qtd dataset,Falso positivo,Falso negativo,Porcentagem FP,Porcentagem FN
100.0,221.0,58.0,27.625,53.70370370370371
200.0,281.0,51.0,35.125,47.22222222222222
300.0,165.0,61.0,20.625,56.48148148148147
-1.0,215.0,55.0,26.875,50.92592592592593
