Qtd dataset,Falso positivo,Falso negativo,Porcentagem FP,Porcentagem FN
100.0,227.0,17.0,28.375,15.74074074074074
200.0,261.0,10.0,32.625,9.25925925925926
300.0,326.0,9.0,40.75,8.333333333333332
400.0,261.0,11.0,32.625,10.185185185185183
500.0,325.0,5.0,40.625,4.62962962962963
-1.0,195.0,16.0,24.375,14.814814814814813
